{
    "total_runtime": 3797.4995214939117,
    "num_documents": 1,
    "input_load_time": 0,
    "workflows": {
        "create_base_text_units": {
            "overall": 0.31696391105651855,
            "0_orderby": 0.004103660583496094,
            "1_zip": 0.003991603851318359,
            "2_aggregate_override": 0.0060541629791259766,
            "3_chunk": 0.2154242992401123,
            "4_select": 0.004986763000488281,
            "5_unroll": 0.008976221084594727,
            "6_rename": 0.0059850215911865234,
            "7_genid": 0.006979942321777344,
            "8_unzip": 0.0069811344146728516,
            "9_copy": 0.005984067916870117,
            "10_filter": 0.04447531700134277
        },
        "create_base_extracted_entities": {
            "overall": 2023.0850353240967,
            "0_entity_extract": 2023.0332984924316,
            "1_merge_graphs": 0.045752525329589844
        },
        "create_summarized_entities": {
            "overall": 481.68477272987366,
            "0_summarize_descriptions": 481.677791595459
        },
        "create_base_entity_graph": {
            "overall": 0.09940314292907715,
            "0_cluster_graph": 0.08242630958557129,
            "1_select": 0.008975982666015625
        },
        "create_final_entities": {
            "overall": 4.16486382484436,
            "0_unpack_graph": 0.024962663650512695,
            "1_rename": 0.008523941040039062,
            "2_select": 0.010411500930786133,
            "3_dedupe": 0.010291814804077148,
            "4_rename": 0.01005697250366211,
            "5_filter": 0.02393794059753418,
            "6_text_split": 0.014960289001464844,
            "7_drop": 0.0109710693359375,
            "8_merge": 0.0688169002532959,
            "9_text_embed": 3.9266045093536377,
            "10_drop": 0.013834476470947266,
            "11_filter": 0.031522512435913086
        },
        "create_final_nodes": {
            "overall": 0.34846949577331543,
            "0_layout_graph": 0.09078860282897949,
            "1_unpack_graph": 0.03191423416137695,
            "2_unpack_graph": 0.0329134464263916,
            "3_drop": 0.013962507247924805,
            "4_filter": 0.03576183319091797,
            "5_select": 0.014965534210205078,
            "6_rename": 0.014960050582885742,
            "7_join": 0.024356603622436523,
            "8_convert": 0.06092047691345215,
            "9_rename": 0.01595783233642578
        },
        "create_final_communities": {
            "overall": 0.3929460048675537,
            "0_unpack_graph": 0.03125929832458496,
            "1_unpack_graph": 0.033910274505615234,
            "2_aggregate_override": 0.02950310707092285,
            "3_join": 0.024382591247558594,
            "4_join": 0.022643566131591797,
            "5_concat": 0.01729726791381836,
            "6_filter": 0.05355668067932129,
            "7_aggregate_override": 0.02255392074584961,
            "8_join": 0.021941423416137695,
            "9_filter": 0.04115009307861328,
            "10_fill": 0.017952680587768555,
            "11_merge": 0.02294015884399414,
            "12_copy": 0.018946409225463867,
            "13_select": 0.018950462341308594
        },
        "join_text_units_to_entity_ids": {
            "overall": 0.08379197120666504,
            "0_select": 0.019656658172607422,
            "1_unroll": 0.021750688552856445,
            "2_aggregate_override": 0.02331852912902832
        },
        "create_final_relationships": {
            "overall": 0.30405235290527344,
            "0_unpack_graph": 0.03603529930114746,
            "1_filter": 0.048858642578125,
            "2_rename": 0.020945072174072266,
            "3_filter": 0.05025982856750488,
            "4_drop": 0.022443771362304688,
            "5_compute_edge_combined_degree": 0.03572797775268555,
            "6_convert": 0.045592308044433594,
            "7_convert": 0.02324390411376953
        },
        "join_text_units_to_relationship_ids": {
            "overall": 0.11868453025817871,
            "0_select": 0.02293872833251953,
            "1_unroll": 0.023936986923217773,
            "2_aggregate_override": 0.02592921257019043,
            "3_select": 0.023936033248901367
        },
        "create_final_community_reports": {
            "overall": 1283.51979470253,
            "0_prepare_community_reports_nodes": 0.03789854049682617,
            "1_prepare_community_reports_edges": 0.03292369842529297,
            "2_restore_community_hierarchy": 0.034894704818725586,
            "3_prepare_community_reports": 0.16928648948669434,
            "4_create_community_reports": 1283.1849491596222,
            "5_window": 0.03490853309631348
        },
        "create_final_text_units": {
            "overall": 0.22204899787902832,
            "0_select": 0.029355287551879883,
            "1_rename": 0.028626203536987305,
            "2_join": 0.03691864013671875,
            "3_join": 0.03598189353942871,
            "4_aggregate_override": 0.0325162410736084,
            "5_select": 0.030350208282470703
        },
        "create_base_documents": {
            "overall": 0.32793712615966797,
            "0_unroll": 0.029944419860839844,
            "1_select": 0.02791905403137207,
            "2_rename": 0.029093503952026367,
            "3_join": 0.034494638442993164,
            "4_aggregate_override": 0.03291201591491699,
            "5_join": 0.04437875747680664,
            "6_rename": 0.031914472579956055,
            "7_convert": 0.06736016273498535
        },
        "create_final_documents": {
            "overall": 0.06322789192199707,
            "0_rename": 0.03231072425842285
        }
    }
}